{
    "width": 3.0,
    "height": 3.0,
    "start": [
        -0.62,
        0.67
    ],
    "goals": [
        [
            -1.3,
            -0.7
        ]
    ],
    "obstacles": [
        [
            [
                -0.45,
                0.45
            ],
            [
                -0.45,
                0.6
            ],
            [
                -1.55,
                0.61
            ],
            [
                -1.55,
                0.46
            ]
        ],
        [
            [
                -0.45,
                -0.61
            ],
            [
                -0.45,
                -0.46
            ],
            [
                -1.55,
                -0.45
            ],
            [
                -1.55,
                -0.6
            ]
        ],
        [
            [
                1.55,
                0.39
            ],
            [
                1.55,
                0.54
            ],
            [
                0.45,
                0.55
            ],
            [
                0.45,
                0.4
            ]
        ],
        [
            [
                1.55,
                -0.56
            ],
            [
                1.55,
                -0.41
            ],
            [
                0.45,
                -0.4
            ],
            [
                0.45,
                -0.55
            ]
        ],
        [
            [
                -0.42,
                1.55
            ],
            [
                -0.57,
                1.55
            ],
            [
                -0.58,
                1.15
            ],
            [
                -0.43,
                1.15
            ]
        ],
        [
            [
                -0.42,
                -1.15
            ],
            [
                -0.57,
                -1.15
            ],
            [
                -0.58,
                -1.55
            ],
            [
                -0.43,
                -1.55
            ]
        ],
        [
            [
                0.58,
                0.55
            ],
            [
                0.43,
                0.55
            ],
            [
                0.42,
                0.15
            ],
            [
                0.57,
                0.15
            ]
        ],
        [
            [
                0.58,
                -0.15
            ],
            [
                0.43,
                -0.15
            ],
            [
                0.42,
                -0.55
            ],
            [
                0.57,
                -0.55
            ]
        ],
        [
            [
                -0.42,
                0.85
            ],
            [
                -0.57,
                0.85
            ],
            [
                -0.58,
                0.45
            ],
            [
                -0.43,
                0.45
            ]
        ],
        [
            [
                -0.42,
                -0.45
            ],
            [
                -0.57,
                -0.45
            ],
            [
                -0.58,
                -0.85
            ],
            [
                -0.43,
                -0.85
            ]
        ]
    ]
}