{
    "width": 3.0,
    "height": 3.0,
    "start": [
        1.2,
        0.7
    ],
    "goals": [
        [
            -1.3,
            -0.7
        ]
    ],
    "obstacles": [
        [
            [
                -0.45,
                -0.58
            ],
            [
                -0.45,
                -0.43
            ],
            [
                -1.55,
                -0.42
            ],
            [
                -1.55,
                -0.57
            ]
        ],
        [
            [
                1.55,
                0.42
            ],
            [
                1.55,
                0.57
            ],
            [
                0.45,
                0.58
            ],
            [
                0.45,
                0.43
            ]
        ],
        [
            [
                -0.45,
                0.42
            ],
            [
                -0.45,
                0.57
            ],
            [
                -1.55,
                0.58
            ],
            [
                -1.55,
                0.43
            ]
        ],
        [
            [
                1.55,
                -0.58
            ],
            [
                1.55,
                -0.43
            ],
            [
                0.45,
                -0.42
            ],
            [
                0.45,
                -0.57
            ]
        ],
        [
            [
                -0.42,
                -0.68
            ],
            [
                -0.57,
                -0.67
            ],
            [
                -0.58,
                -1.52
            ],
            [
                -0.43,
                -1.53
            ]
        ],
        [
            [
                -0.42,
                1.57
            ],
            [
                -0.57,
                1.58
            ],
            [
                -0.58,
                0.73
            ],
            [
                -0.43,
                0.72
            ]
        ],
        [
            [
                0.58,
                1.57
            ],
            [
                0.43,
                1.58
            ],
            [
                0.42,
                0.73
            ],
            [
                0.57,
                0.72
            ]
        ],
        [
            [
                0.58,
                -0.68
            ],
            [
                0.43,
                -0.67
            ],
            [
                0.42,
                -1.52
            ],
            [
                0.57,
                -1.53
            ]
        ]
    ]
}