{
    "width": 2.0,
    "height": 2.0,
    "start": [
        -0.8,
        -0.0
    ],
    "goals": [
        [
            0.3,
            -0.7
        ]
    ],
    "obstacles": [
        [
            [
                -0.34,
                1.05
            ],
            [
                -0.45,
                1.05
            ],
            [
                -0.46,
                -0.05
            ],
            [
                -0.35,
                -0.05
            ]
        ],
        [
            [
                1.05,
                0.19
            ],
            [
                1.05,
                0.3
            ],
            [
                -0.05,
                0.31
            ],
            [
                -0.05,
                0.2
            ]
        ],
        [
            [
                1.05,
                -0.31
            ],
            [
                1.05,
                -0.2
            ],
            [
                -0.05,
                -0.19
            ],
            [
                -0.05,
                -0.3
            ]
        ],
        [
            [
                -0.18,
                -0.32
            ],
            [
                -0.17,
                -0.21
            ],
            [
                -1.02,
                -0.2
            ],
            [
                -1.03,
                -0.31
            ]
        ]
    ]
}